C;algorithm;batch_size;best_epoch;class_weight;date;degree;epochs;final_score;gamma;input_shape;kernel;layers;learning_rate;loss;max_depth;max_features;max_iter;metric;metrics;min_samples_leaf;min_samples_split;model_type;multi_class;n_estimators;n_jobs;n_neighbors;optimizer;output_activation;output_units;p;penalty;random_state;solver;type;var_smoothing;weights
;;32.0;;;2024-02-24 12:57:19;;15.0;0.7572554199603618;;768.0;;[{'units': 512, 'activation': 'relu', 'dropout': 0.3}, {'units': 256, 'activation': 'relu', 'dropout': 0.3}, {'units': 128, 'activation': 'relu'}];0.0001;categorical_crossentropy;;;;;['accuracy'];;;neural_network;;;;;adam;softmax;28.0;;;;;;;
;;4096.0;1597.0;;2024-02-25 17:41:19;;2000.0;0.7560119993082098;;768.0;;[{'units': 512, 'activation': 'relu', 'dropout': 0.3}, {'units': 256, 'activation': 'relu', 'dropout': 0.3}, {'units': 128, 'activation': 'relu'}];0.0001;categorical_crossentropy;;;;;['accuracy'];;;neural_network;;;;;adam;softmax;28.0;;;;;;;
;;32.0;202.0;;2024-03-02 21:18:09;;400.0;0.7548666674758097;;768.0;;[{'units': 512, 'activation': 'relu', 'dropout': 0.3}, {'units': 256, 'activation': 'relu', 'dropout': 0.3}, {'units': 128, 'activation': 'relu'}];0.0001;categorical_crossentropy;;;;;['accuracy'];;;neural_network;;;;;adam;softmax;28.0;;;;;;;
;;32.0;160.0;;2024-02-25 22:44:51;;200.0;0.7539525671769143;;768.0;;[{'units': 512, 'activation': 'relu', 'dropout': 0.3}, {'units': 256, 'activation': 'relu', 'dropout': 0.3}, {'units': 128, 'activation': 'relu'}];0.0001;categorical_crossentropy;;;;;['accuracy'];;;neural_network;;;;;adam;softmax;28.0;;;;;;;
;;32.0;97.0;;2024-02-25 18:19:48;;200.0;0.7525552077924466;;768.0;;[{'units': 512, 'activation': 'relu', 'dropout': 0.3}, {'units': 256, 'activation': 'relu', 'dropout': 0.3}, {'units': 128, 'activation': 'relu'}];0.0001;categorical_crossentropy;;;;;['accuracy'];;;neural_network;;;;;adam;softmax;28.0;;;;;;;
;;32.0;182.0;;2024-02-28 21:30:09;;300.0;0.7503062088600716;;768.0;;[{'units': 256, 'activation': 'relu', 'dropout': 0.3}, {'units': 128, 'activation': 'relu', 'dropout': 0.3}, {'units': 64, 'activation': 'relu'}];0.0001;categorical_crossentropy;;;;;['accuracy'];;;neural_network;;;;;adam;softmax;28.0;;;;;;;
;;32.0;98.0;;2024-02-25 14:51:40;;100.0;0.7497825390040214;;768.0;;[{'units': 512, 'activation': 'relu', 'dropout': 0.3}, {'units': 256, 'activation': 'relu', 'dropout': 0.3}, {'units': 128, 'activation': 'relu'}];0.0001;categorical_crossentropy;;;;;['accuracy'];;;neural_network;;;;;adam;softmax;28.0;;;;;;;
;;2048.0;97.0;;2024-02-25 12:00:06;;100.0;0.7493583287191956;;768.0;;[{'units': 512, 'activation': 'relu', 'dropout': 0.3}, {'units': 256, 'activation': 'relu', 'dropout': 0.3}, {'units': 128, 'activation': 'relu'}];0.0001;categorical_crossentropy;;;;;['accuracy'];;;neural_network;;;;;adam;softmax;28.0;;;;;;;
;;512.0;52.0;;2024-02-25 10:47:26;;100.0;0.748787605499653;;768.0;;[{'units': 512, 'activation': 'relu', 'dropout': 0.3}, {'units': 256, 'activation': 'relu', 'dropout': 0.3}, {'units': 128, 'activation': 'relu'}];0.0001;categorical_crossentropy;;;;;['accuracy'];;;neural_network;;;;;adam;softmax;28.0;;;;;;;
;;2048.0;195.0;;2024-02-25 20:10:20;;3000.0;0.7480807044263346;;768.0;;[{'units': 512, 'activation': 'relu', 'dropout': 0.3}, {'units': 256, 'activation': 'relu', 'dropout': 0.3}, {'units': 128, 'activation': 'relu'}];0.0001;categorical_crossentropy;;;;;['accuracy'];;;neural_network;;;;;adam;softmax;28.0;;;;;;;
;;32.0;167.0;;2024-02-25 23:45:27;;300.0;0.7478625584639156;;768.0;;[{'units': 512, 'activation': 'relu', 'dropout': 0.3}, {'units': 256, 'activation': 'relu', 'dropout': 0.3}, {'units': 128, 'activation': 'relu'}];0.0001;categorical_crossentropy;;;;;['accuracy'];;;neural_network;;;;;adam;softmax;28.0;;;;;;;
;;32.0;191.0;;2024-02-29 00:09:45;;400.0;0.7466068962658291;;768.0;;[{'units': 512, 'activation': 'relu', 'dropout': 0.3}, {'units': 256, 'activation': 'relu', 'dropout': 0.3}, {'units': 128, 'activation': 'relu'}];0.0001;categorical_crossentropy;;;;;['accuracy'];;;neural_network;;;;;adam;softmax;28.0;;;;;;;
;;32.0;94.0;;2024-02-25 16:02:45;;100.0;0.7460525056622687;;768.0;;[{'units': 512, 'activation': 'relu', 'dropout': 0.3}, {'units': 256, 'activation': 'relu', 'dropout': 0.3}, {'units': 128, 'activation': 'relu'}];0.0001;categorical_crossentropy;;;;;['accuracy'];;;neural_network;;;;;adam;softmax;28.0;;;;;;;
;;32.0;88.0;;2024-02-25 21:16:41;;250.0;0.7452201068517472;;768.0;;[{'units': 512, 'activation': 'relu', 'dropout': 0.5}, {'units': 512, 'activation': 'relu', 'dropout': 0.4}, {'units': 256, 'activation': 'relu', 'dropout': 0.3}, {'units': 128, 'activation': 'relu', 'dropout': 0.2}, {'units': 128, 'activation': 'relu'}];0.0001;categorical_crossentropy;;;;;['accuracy'];;;neural_network;;;;;adam;softmax;28.0;;;;;;;
;;64.0;;;2024-02-24 12:36:52;;25.0;0.7445642018109936;;768.0;;[{'units': 512, 'activation': 'relu', 'dropout': 0.2}, {'units': 256, 'activation': 'relu', 'dropout': 0.2}, {'units': 128, 'activation': 'relu'}];0.0001;categorical_crossentropy;;;;;['accuracy'];;;neural_network;;;;;adam;softmax;28.0;;;;;;;
;;2048.0;99.0;;2024-02-25 16:09:01;;100.0;0.7429479920032498;;768.0;;[{'units': 512, 'activation': 'relu', 'dropout': 0.3}, {'units': 256, 'activation': 'relu', 'dropout': 0.3}, {'units': 128, 'activation': 'relu'}];0.0001;categorical_crossentropy;;;;;['accuracy'];;;neural_network;;;;;adam;softmax;28.0;;;;;;;
;;2048.0;147.0;;2024-02-25 12:05:13;;150.0;0.7429304624022235;;768.0;;[{'units': 512, 'activation': 'relu', 'dropout': 0.3}, {'units': 256, 'activation': 'relu', 'dropout': 0.3}, {'units': 128, 'activation': 'relu'}];0.0001;categorical_crossentropy;;;;;['accuracy'];;;neural_network;;;;;adam;softmax;28.0;;;;;;;
;;32.0;102.0;;2024-02-25 11:56:21;;300.0;0.7425242433283858;;768.0;;[{'units': 512, 'activation': 'relu', 'dropout': 0.3}, {'units': 256, 'activation': 'relu', 'dropout': 0.3}, {'units': 128, 'activation': 'relu'}];0.0001;categorical_crossentropy;;;;;['accuracy'];;;neural_network;;;;;adam;softmax;28.0;;;;;;;
;;4096.0;999.0;;2024-02-25 12:35:28;;1000.0;0.7419466695840489;;768.0;;[{'units': 512, 'activation': 'relu', 'dropout': 0.3}, {'units': 256, 'activation': 'relu', 'dropout': 0.3}, {'units': 128, 'activation': 'relu'}];0.0001;categorical_crossentropy;;;;;['accuracy'];;;neural_network;;;;;adam;softmax;28.0;;;;;;;
;;4096.0;98.0;;2024-02-25 20:36:41;;3000.0;0.7412621544276005;;768.0;;[{'units': 512, 'activation': 'relu', 'dropout': 0.5}, {'units': 512, 'activation': 'relu', 'dropout': 0.4}, {'units': 256, 'activation': 'relu', 'dropout': 0.3}, {'units': 128, 'activation': 'relu', 'dropout': 0.2}, {'units': 128, 'activation': 'relu'}];0.001;categorical_crossentropy;;;;;['accuracy'];;;neural_network;;;;;adam;softmax;28.0;;;;;;;
;;32.0;12.0;;2024-02-24 14:47:41;;15.0;0.7411163902787998;;768.0;;[{'units': 512, 'activation': 'relu', 'dropout': 0.3}, {'units': 256, 'activation': 'relu', 'dropout': 0.3}, {'units': 128, 'activation': 'relu'}];0.0001;categorical_crossentropy;;;;;['accuracy'];;;neural_network;;;;;adam;softmax;28.0;;;;;;;
;;64.0;;;2024-02-24 12:45:26;;15.0;0.7410352140401115;;768.0;;[{'units': 512, 'activation': 'tanh', 'dropout': 0.2}, {'units': 256, 'activation': 'tanh', 'dropout': 0.2}, {'units': 128, 'activation': 'tanh'}];0.0001;categorical_crossentropy;;;;;['accuracy'];;;neural_network;;;;;adam;softmax;28.0;;;;;;;
1.0;;;;balanced;2024-02-25 22:06:36;;;0.7405103959204438;;;;;;;;;5000.0;;;;;logistic_regression;multinomial;;;;;;;;l2;42.0;lbfgs;;;
;;;;;2024-02-25 16:58:14;;;0.7405103959204438;;;;;;;;;5000.0;;;;;logistic_regression;;;;;;;;;;0.0;;;;
1.0;;;;balanced;2024-02-25 18:39:46;;;0.7405103959204438;;;;;;;;;5000.0;;;;;logistic_regression;multinomial;;;;;;;;l2;42.0;lbfgs;;;
;;;;;2024-02-25 18:33:16;;;0.7405103959204438;;;;;;;;;10000.0;;;;;logistic_regression;;;;;;;;;;0.0;;;;
;;2048.0;194.0;;2024-02-25 16:13:46;;200.0;0.7403861801257787;;768.0;;[{'units': 512, 'activation': 'relu', 'dropout': 0.3}, {'units': 256, 'activation': 'relu', 'dropout': 0.3}, {'units': 128, 'activation': 'relu'}];0.0001;categorical_crossentropy;;;;;['accuracy'];;;neural_network;;;;;adam;softmax;28.0;;;;;;;
;;4096.0;116.0;;2024-02-25 20:32:25;;3000.0;0.740253618463291;;768.0;;[{'units': 512, 'activation': 'elu', 'dropout': 0.3}, {'units': 256, 'activation': 'elu', 'dropout': 0.3}, {'units': 128, 'activation': 'elu'}];0.001;categorical_crossentropy;;;;;['accuracy'];;;neural_network;;;;;adam;softmax;28.0;;;;;;;
;;16.0;80.0;;2024-02-25 16:43:38;;100.0;0.7400683251833413;;768.0;;[{'units': 512, 'activation': 'relu', 'dropout': 0.3}, {'units': 256, 'activation': 'relu', 'dropout': 0.3}, {'units': 128, 'activation': 'relu'}];0.0001;categorical_crossentropy;;;;;['accuracy'];;;neural_network;;;;;adam;softmax;28.0;;;;;;;
;;128.0;31.0;;2024-02-25 10:45:40;;50.0;0.7395820416241441;;768.0;;[{'units': 512, 'activation': 'relu', 'dropout': 0.3}, {'units': 256, 'activation': 'relu', 'dropout': 0.3}, {'units': 128, 'activation': 'relu'}];0.0001;categorical_crossentropy;;;;;['accuracy'];;;neural_network;;;;;adam;softmax;28.0;;;;;;;
;;128.0;30.0;;2024-02-24 14:20:38;;50.0;0.7395550127025643;;768.0;;[{'units': 512, 'activation': 'relu', 'dropout': 0.4}, {'units': 256, 'activation': 'relu', 'dropout': 0.4}, {'units': 128, 'activation': 'relu'}];0.0001;categorical_crossentropy;;;;;['accuracy'];;;neural_network;;;;;adam;softplus;28.0;;;;;;;
;;32.0;14.0;;2024-02-24 13:28:39;;15.0;0.7386357148890974;;768.0;;[{'units': 512, 'activation': 'relu', 'dropout': 0.5}, {'units': 256, 'activation': 'relu', 'dropout': 0.5}, {'units': 128, 'activation': 'relu'}];0.0001;categorical_crossentropy;;;;;['accuracy'];;;neural_network;;;;;adam;softmax;28.0;;;;;;;
;;128.0;31.0;;2024-02-24 14:21:55;;50.0;0.7382056100515977;;768.0;;[{'units': 512, 'activation': 'relu', 'dropout': 0.4}, {'units': 256, 'activation': 'relu', 'dropout': 0.4}, {'units': 128, 'activation': 'relu'}];0.0001;categorical_crossentropy;;;;;['accuracy'];;;neural_network;;;;;adam;softplus;28.0;;;;;;;
0.1;;;;balanced;2024-02-25 18:42:59;;;0.7381488611036451;;;;;;;;;5000.0;;;;;logistic_regression;multinomial;;;;;;;;l2;42.0;lbfgs;;;
;;32.0;20.0;;2024-02-24 13:31:54;;25.0;0.7378785456318315;;768.0;;[{'units': 512, 'activation': 'relu', 'dropout': 0.5}, {'units': 256, 'activation': 'relu', 'dropout': 0.5}, {'units': 128, 'activation': 'relu'}];0.0001;categorical_crossentropy;;;;;['accuracy'];;;neural_network;;;;;adam;softmax;28.0;;;;;;;
;;4096.0;68.0;;2024-02-25 20:19:47;;3000.0;0.7378694424022817;;768.0;;[{'units': 512, 'activation': 'relu', 'dropout': 0.3}, {'units': 256, 'activation': 'relu', 'dropout': 0.3}, {'units': 128, 'activation': 'relu'}];0.001;categorical_crossentropy;;;;;['accuracy'];;;neural_network;;;;;adam;softmax;28.0;;;;;;;
;;64.0;96.0;;2024-02-25 15:33:37;;100.0;0.7377977335083998;;768.0;;[{'units': 512, 'activation': 'relu', 'dropout': 0.3}, {'units': 256, 'activation': 'relu', 'dropout': 0.3}, {'units': 128, 'activation': 'relu'}];0.0001;categorical_crossentropy;;;;;['accuracy'];;;neural_network;;;;;adam;softmax;28.0;;;;;;;
;;128.0;35.0;;2024-02-24 14:42:59;;50.0;0.7376901892596215;;768.0;;[{'units': 512, 'activation': 'relu', 'dropout': 0.4}, {'units': 256, 'activation': 'relu', 'dropout': 0.4}, {'units': 128, 'activation': 'relu'}];0.0001;categorical_crossentropy;;;;;['accuracy'];;;neural_network;;;;;adam;softplus;28.0;;;;;;;
;;64.0;72.0;;2024-02-25 16:54:18;;100.0;0.7375507736124152;;768.0;;[{'units': 512, 'activation': 'relu', 'dropout': 0.3}, {'units': 256, 'activation': 'relu', 'dropout': 0.3}, {'units': 128, 'activation': 'relu'}];0.0001;categorical_crossentropy;;;;;['accuracy'];;;neural_network;;;;;adam;softmax;28.0;;;;;;;
;;512.0;10.0;;2024-02-25 11:00:34;;200.0;0.7366603834773027;;768.0;;[{'units': 512, 'activation': 'relu', 'dropout': 0.3}, {'units': 256, 'activation': 'relu', 'dropout': 0.3}, {'units': 128, 'activation': 'relu'}];0.001;categorical_crossentropy;;;;;['accuracy'];;;neural_network;;;;;adam;softmax;28.0;;;;;;;
;;4096.0;139.0;;2024-02-25 21:44:18;;3000.0;0.7365499327396205;;768.0;;[{'units': 1024, 'activation': 'relu', 'dropout': 0.3}, {'units': 512, 'activation': 'relu', 'dropout': 0.3}, {'units': 256, 'activation': 'relu', 'dropout': 0.3}, {'units': 128, 'activation': 'relu'}];0.001;categorical_crossentropy;;;;;['accuracy'];;;neural_network;;;;;adam;softmax;28.0;;;;;;;
;;64.0;;;2024-02-24 12:44:48;;15.0;0.7364509077451968;;768.0;;[{'units': 512, 'activation': 'elu', 'dropout': 0.2}, {'units': 256, 'activation': 'elu', 'dropout': 0.2}, {'units': 128, 'activation': 'elu'}];0.0001;categorical_crossentropy;;;;;['accuracy'];;;neural_network;;;;;adam;softmax;28.0;;;;;;;
;;32.0;99.0;;2024-02-25 15:19:29;;100.0;0.736376782429897;;768.0;;[{'units': 512, 'activation': 'relu', 'dropout': 0.4}, {'units': 256, 'activation': 'relu', 'dropout': 0.4}, {'units': 128, 'activation': 'relu'}];0.0001;categorical_crossentropy;;;;;['accuracy'];;;neural_network;;;;;adam;softmax;28.0;;;;;;;
;;64.0;20.0;;2024-02-24 14:12:53;;50.0;0.7362800640695139;;768.0;;[{'units': 512, 'activation': 'relu', 'dropout': 0.4}, {'units': 256, 'activation': 'relu', 'dropout': 0.4}, {'units': 128, 'activation': 'relu'}];0.0001;categorical_crossentropy;;;;;['accuracy'];;;neural_network;;;;;adam;softmax;28.0;;;;;;;
;;512.0;58.0;;2024-02-25 10:58:23;;200.0;0.7353031440264102;;768.0;;[{'units': 512, 'activation': 'relu', 'dropout': 0.3}, {'units': 256, 'activation': 'relu', 'dropout': 0.3}, {'units': 128, 'activation': 'relu'}];0.0001;categorical_crossentropy;;;;;['accuracy'];;;neural_network;;;;;adam;softmax;28.0;;;;;;;
;;2048.0;46.0;;2024-02-25 16:10:12;;50.0;0.7350894355732991;;768.0;;[{'units': 512, 'activation': 'relu', 'dropout': 0.3}, {'units': 256, 'activation': 'relu', 'dropout': 0.3}, {'units': 128, 'activation': 'relu'}];0.0001;categorical_crossentropy;;;;;['accuracy'];;;neural_network;;;;;adam;softmax;28.0;;;;;;;
;;4096.0;150.0;;2024-02-25 20:29:13;;3000.0;0.7349746503795338;;768.0;;[{'units': 256, 'activation': 'relu', 'dropout': 0.2}, {'units': 128, 'activation': 'relu', 'dropout': 0.2}, {'units': 64, 'activation': 'relu'}];0.001;categorical_crossentropy;;;;;['accuracy'];;;neural_network;;;;;adam;softmax;28.0;;;;;;;
;;2048.0;181.0;;2024-02-25 11:05:15;;200.0;0.7347915528925139;;768.0;;[{'units': 512, 'activation': 'relu', 'dropout': 0.3}, {'units': 256, 'activation': 'relu', 'dropout': 0.3}, {'units': 128, 'activation': 'relu'}];0.0001;categorical_crossentropy;;;;;['accuracy'];;;neural_network;;;;;adam;softmax;28.0;;;;;;;
;;64.0;;;2024-02-24 12:43:36;;25.0;0.7347575796837731;;768.0;;[{'units': 512, 'activation': 'elu', 'dropout': 0.2}, {'units': 256, 'activation': 'elu', 'dropout': 0.2}, {'units': 128, 'activation': 'elu'}];0.0001;categorical_crossentropy;;;;;['accuracy'];;;neural_network;;;;;adam;softmax;28.0;;;;;;;
;;32.0;;;2024-02-24 12:02:50;;25.0;0.7346258614370262;;768.0;;[{'units': 512, 'activation': 'relu', 'dropout': 0.2}, {'units': 256, 'activation': 'relu', 'dropout': 0.2}, {'units': 128, 'activation': 'relu'}];0.0001;categorical_crossentropy;;;;;['accuracy'];;;neural_network;;;;;adam;softmax;28.0;;;;;;;
;;128.0;24.0;;2024-02-25 09:24:50;;25.0;0.7341551843048446;;768.0;;[{'units': 512, 'activation': 'relu', 'dropout': 0.3}, {'units': 256, 'activation': 'relu', 'dropout': 0.3}, {'units': 128, 'activation': 'relu'}];0.0001;categorical_crossentropy;;;;;['accuracy'];;;neural_network;;;;;adam;softmax;28.0;;;;;;;
;;32.0;16.0;;2024-02-25 11:10:46;;300.0;0.7339882694137895;;768.0;;[{'units': 512, 'activation': 'relu', 'dropout': 0.3}, {'units': 256, 'activation': 'relu', 'dropout': 0.3}, {'units': 128, 'activation': 'relu'}];0.0001;categorical_crossentropy;;;;;['accuracy'];;;neural_network;;;;;adam;softmax;28.0;;;;;;;
;;128.0;31.0;;2024-02-24 14:23:24;;50.0;0.7339648998248063;;768.0;;[{'units': 256, 'activation': 'relu', 'dropout': 0.4}, {'units': 128, 'activation': 'relu'}];0.0001;categorical_crossentropy;;;;;['accuracy'];;;neural_network;;;;;adam;softplus;28.0;;;;;;;
;;2048.0;155.0;;2024-02-25 11:05:59;;300.0;0.7338541531819375;;768.0;;[{'units': 512, 'activation': 'relu', 'dropout': 0.3}, {'units': 256, 'activation': 'relu', 'dropout': 0.3}, {'units': 128, 'activation': 'relu'}];0.0001;categorical_crossentropy;;;;;['accuracy'];;;neural_network;;;;;adam;softmax;28.0;;;;;;;
;;32.0;;;2024-02-24 12:56:27;;25.0;0.7337485658424883;;768.0;;[{'units': 512, 'activation': 'relu', 'dropout': 0.3}, {'units': 256, 'activation': 'relu', 'dropout': 0.3}, {'units': 128, 'activation': 'relu'}];0.0001;categorical_crossentropy;;;;;['accuracy'];;;neural_network;;;;;adam;softmax;28.0;;;;;;;
;;32.0;15.0;;2024-02-24 13:29:50;;30.0;0.7337072275127361;;768.0;;[{'units': 512, 'activation': 'relu', 'dropout': 0.5}, {'units': 256, 'activation': 'relu', 'dropout': 0.5}, {'units': 128, 'activation': 'relu'}];0.0001;categorical_crossentropy;;;;;['accuracy'];;;neural_network;;;;;adam;softmax;28.0;;;;;;;
;;32.0;;;2024-02-24 13:00:54;;15.0;0.7336988620043705;;768.0;;[{'units': 512, 'activation': 'relu', 'dropout': 0.3}, {'units': 256, 'activation': 'relu', 'dropout': 0.3}, {'units': 128, 'activation': 'relu'}];0.0001;categorical_crossentropy;;;;;['accuracy'];;;neural_network;;;;;adam;softmax;28.0;;;;;;;
;;32.0;13.0;;2024-02-25 09:21:37;;25.0;0.7336811972504321;;768.0;;[{'units': 512, 'activation': 'leaky_relu', 'dropout': 0.3}, {'units': 256, 'activation': 'leaky_relu', 'dropout': 0.3}, {'units': 128, 'activation': 'leaky_relu'}];0.0001;categorical_crossentropy;;;;;['accuracy'];;;neural_network;;;;;rmsprop;softmax;28.0;;;;;;;
;;128.0;22.0;;2024-02-24 14:44:31;;50.0;0.7336785756840434;;768.0;;[{'units': 512, 'activation': 'relu', 'dropout': 0.4}, {'units': 256, 'activation': 'relu', 'dropout': 0.4}, {'units': 128, 'activation': 'relu'}];0.0001;categorical_crossentropy;;;;;['accuracy'];;;neural_network;;;;;adam;softmax;28.0;;;;;;;
;;1024.0;78.0;;2024-02-25 11:04:21;;200.0;0.7331092180844541;;768.0;;[{'units': 512, 'activation': 'relu', 'dropout': 0.3}, {'units': 256, 'activation': 'relu', 'dropout': 0.3}, {'units': 128, 'activation': 'relu'}];0.0001;categorical_crossentropy;;;;;['accuracy'];;;neural_network;;;;;adam;softmax;28.0;;;;;;;
;;4096.0;210.0;;2024-02-25 21:47:01;;3000.0;0.7329237677228164;;768.0;;[{'units': 256, 'activation': 'relu', 'dropout': 0.3}, {'units': 128, 'activation': 'relu', 'dropout': 0.3}, {'units': 64, 'activation': 'relu'}];0.001;categorical_crossentropy;;;;;['accuracy'];;;neural_network;;;;;adam;softmax;28.0;;;;;;;
;;;;;2024-02-25 16:05:55;;;0.7327511645294009;;;;;;;;;5000.0;;;;;logistic_regression;;;;;;;;;;0.0;;;;
;;512.0;51.0;;2024-02-25 10:59:58;;200.0;0.73229113385753;;768.0;;[{'units': 512, 'activation': 'relu', 'dropout': 0.3}, {'units': 256, 'activation': 'relu', 'dropout': 0.3}, {'units': 128, 'activation': 'relu'}];0.0001;categorical_crossentropy;;;;;['accuracy'];;;neural_network;;;;;adam;softmax;28.0;;;;;;;
;;32.0;;;2024-02-24 12:58:45;;15.0;0.7318683181289063;;768.0;;[{'units': 512, 'activation': 'relu', 'dropout': 0.3}, {'units': 256, 'activation': 'relu', 'dropout': 0.3}, {'units': 128, 'activation': 'relu'}];0.0001;categorical_crossentropy;;;;;['accuracy'];;;neural_network;;;;;adam;softmax;28.0;;;;;;;
;;32.0;12.0;;2024-02-24 13:19:25;;15.0;0.7314296725891839;;768.0;;[{'units': 512, 'activation': 'relu', 'dropout': 0.3}, {'units': 256, 'activation': 'relu', 'dropout': 0.3}, {'units': 128, 'activation': 'relu'}];0.0001;categorical_crossentropy;;;;;['accuracy'];;;neural_network;;;;;adam;softmax;28.0;;;;;;;
;;32.0;13.0;;2024-02-25 18:24:56;;15.0;0.7307144937059912;;768.0;;[{'units': 512, 'activation': 'relu', 'dropout': 0.3}, {'units': 256, 'activation': 'relu', 'dropout': 0.3}, {'units': 128, 'activation': 'relu'}];0.0001;categorical_crossentropy;;;;;['accuracy'];;;neural_network;;;;;adam;softmax;28.0;;;;;;;
;;256.0;43.0;;2024-02-24 14:17:29;;50.0;0.7305667557714288;;768.0;;[{'units': 512, 'activation': 'relu', 'dropout': 0.4}, {'units': 256, 'activation': 'relu', 'dropout': 0.4}, {'units': 128, 'activation': 'relu'}];0.0001;categorical_crossentropy;;;;;['accuracy'];;;neural_network;;;;;adam;softmax;28.0;;;;;;;
;;64.0;;;2024-02-24 12:38:35;;50.0;0.7301090239576442;;768.0;;[{'units': 512, 'activation': 'relu', 'dropout': 0.2}, {'units': 256, 'activation': 'relu', 'dropout': 0.2}, {'units': 128, 'activation': 'relu'}];0.0001;categorical_crossentropy;;;;;['accuracy'];;;neural_network;;;;;adam;softmax;28.0;;;;;;;
;;32.0;12.0;;2024-02-24 14:51:32;;15.0;0.7300960274613602;;768.0;;[{'units': 512, 'activation': 'leaky_relu', 'dropout': 0.3}, {'units': 256, 'activation': 'leaky_relu', 'dropout': 0.3}, {'units': 128, 'activation': 'leaky_relu'}];0.0001;categorical_crossentropy;;;;;['accuracy'];;;neural_network;;;;;adam;softmax;28.0;;;;;;;
;;128.0;19.0;;2024-02-24 14:24:25;;50.0;0.7300334406418729;;768.0;;[{'units': 1024, 'activation': 'relu', 'dropout': 0.3}, {'units': 256, 'activation': 'relu', 'dropout': 0.2}, {'units': 1024, 'activation': 'relu', 'dropout': 0.3}, {'units': 256, 'activation': 'relu', 'dropout': 0.2}];0.0001;categorical_crossentropy;;;;;['accuracy'];;;neural_network;;;;;adam;softplus;28.0;;;;;;;
;;32.0;19.0;;2024-02-24 14:06:03;;50.0;0.730000914466199;;768.0;;[{'units': 512, 'activation': 'relu', 'dropout': 0.5}, {'units': 256, 'activation': 'relu', 'dropout': 0.5}, {'units': 128, 'activation': 'relu'}];0.0001;categorical_crossentropy;;;;;['accuracy'];;;neural_network;;;;;adam;softmax;28.0;;;;;;;
;;64.0;13.0;;2024-02-24 14:10:04;;50.0;0.7297672258140224;;768.0;;[{'units': 512, 'activation': 'relu', 'dropout': 0.2}, {'units': 256, 'activation': 'relu', 'dropout': 0.2}, {'units': 128, 'activation': 'relu'}];0.0001;categorical_crossentropy;;;;;['accuracy'];;;neural_network;;;;;adam;softmax;28.0;;;;;;;
;;512.0;50.0;;2024-02-25 10:57:21;;200.0;0.729687253673211;;768.0;;[{'units': 512, 'activation': 'relu', 'dropout': 0.3}, {'units': 256, 'activation': 'relu', 'dropout': 0.3}, {'units': 128, 'activation': 'relu'}];0.0001;categorical_crossentropy;;;;;['accuracy'];;;neural_network;;;;;adam;softmax;28.0;;;;;;;
;;512.0;57.0;;2024-02-25 10:48:27;;100.0;0.7295196164372222;;768.0;;[{'units': 512, 'activation': 'relu', 'dropout': 0.3}, {'units': 256, 'activation': 'relu', 'dropout': 0.3}, {'units': 128, 'activation': 'relu'}];0.0001;categorical_crossentropy;;;;;['accuracy'];;;neural_network;;;;;adam;softmax;28.0;;;;;;;
;;128.0;31.0;;2024-02-24 14:16:10;;50.0;0.729425032945267;;768.0;;[{'units': 512, 'activation': 'relu', 'dropout': 0.4}, {'units': 256, 'activation': 'relu', 'dropout': 0.4}, {'units': 128, 'activation': 'relu'}];0.0001;categorical_crossentropy;;;;;['accuracy'];;;neural_network;;;;;adam;softmax;28.0;;;;;;;
;;512.0;48.0;;2024-02-25 10:46:50;;50.0;0.7293647761794739;;768.0;;[{'units': 512, 'activation': 'relu', 'dropout': 0.3}, {'units': 256, 'activation': 'relu', 'dropout': 0.3}, {'units': 128, 'activation': 'relu'}];0.0001;categorical_crossentropy;;;;;['accuracy'];;;neural_network;;;;;adam;softmax;28.0;;;;;;;
;;;;;2024-02-24 15:08:37;;;0.729114936783406;;;;;;;;;5000.0;;;;;logistic_regression;;;;;;;;;;0.0;;;;
;;32.0;;;2024-02-24 12:58:05;;15.0;0.7287909249973679;;768.0;;[{'units': 512, 'activation': 'relu', 'dropout': 0.3}, {'units': 256, 'activation': 'relu', 'dropout': 0.3}, {'units': 128, 'activation': 'relu'}];0.0001;categorical_crossentropy;;;;;['accuracy'];;;neural_network;;;;;adam;softmax;28.0;;;;;;;
;;32.0;14.0;;2024-02-24 14:32:41;;50.0;0.7285833923388139;;768.0;;[{'units': 512, 'activation': 'relu', 'dropout': 0.4}, {'units': 256, 'activation': 'relu', 'dropout': 0.4}, {'units': 128, 'activation': 'relu'}];0.0001;categorical_crossentropy;;;;;['accuracy'];;;neural_network;;;;;adam;softplus;28.0;;;;;;;
10.0;;;;balanced;2024-02-25 18:46:44;;;0.7282379234657688;;;;;;;;;5000.0;;;;;logistic_regression;multinomial;;;;;;;;l2;42.0;lbfgs;;;
;;32.0;11.0;;2024-02-24 14:52:24;;15.0;0.7281262945957732;;768.0;;[{'units': 512, 'activation': 'leaky_relu', 'dropout': 0.3}, {'units': 256, 'activation': 'leaky_relu', 'dropout': 0.3}, {'units': 128, 'activation': 'leaky_relu'}];0.0001;categorical_crossentropy;;;;;['accuracy'];;;neural_network;;;;;adam;softmax;28.0;;;;;;;
;;32.0;10.0;;2024-02-24 13:26:55;;15.0;0.7280319123629743;;768.0;;[{'units': 512, 'activation': 'relu', 'dropout': 0.1}, {'units': 256, 'activation': 'relu', 'dropout': 0.1}, {'units': 128, 'activation': 'relu'}];0.0001;categorical_crossentropy;;;;;['accuracy'];;;neural_network;;;;;adam;softmax;28.0;;;;;;;
;;128.0;24.0;;2024-02-24 14:30:25;;50.0;0.7277576795370049;;768.0;;[{'units': 512, 'activation': 'relu', 'dropout': 0.4}, {'units': 256, 'activation': 'relu', 'dropout': 0.4}, {'units': 128, 'activation': 'relu'}];0.0001;categorical_crossentropy;;;;;['accuracy'];;;neural_network;;;;;adam;softplus;28.0;;;;;;;
;;16.0;;;2024-02-24 12:31:41;;25.0;0.7277256834310382;;768.0;;[{'units': 512, 'activation': 'relu', 'dropout': 0.2}, {'units': 256, 'activation': 'relu', 'dropout': 0.2}, {'units': 128, 'activation': 'relu'}];0.0001;categorical_crossentropy;;;;;['accuracy'];;;neural_network;;;;;adam;softmax;28.0;;;;;;;
;;128.0;;;2024-02-24 12:39:41;;50.0;0.7275797274351603;;768.0;;[{'units': 512, 'activation': 'relu', 'dropout': 0.2}, {'units': 256, 'activation': 'relu', 'dropout': 0.2}, {'units': 128, 'activation': 'relu'}];0.0001;categorical_crossentropy;;;;;['accuracy'];;;neural_network;;;;;adam;softmax;28.0;;;;;;;
;;64.0;17.0;;2024-02-24 14:11:39;;50.0;0.7267094684897379;;768.0;;[{'units': 512, 'activation': 'relu', 'dropout': 0.4}, {'units': 256, 'activation': 'relu', 'dropout': 0.4}, {'units': 128, 'activation': 'relu'}];0.0001;categorical_crossentropy;;;;;['accuracy'];;;neural_network;;;;;adam;softmax;28.0;;;;;;;
;;32.0;24.0;;2024-02-24 13:59:21;;25.0;0.7263601881147805;;768.0;;[{'units': 512, 'activation': 'relu', 'dropout': 0.8}, {'units': 256, 'activation': 'relu', 'dropout': 0.8}, {'units': 128, 'activation': 'relu'}];0.0001;categorical_crossentropy;;;;;['accuracy'];;;neural_network;;;;;adam;softmax;28.0;;;;;;;
;;32.0;;;2024-02-24 11:24:06;;20.0;0.7261713242366677;;768.0;;[{'units': 512, 'activation': 'relu', 'dropout': 0.2}, {'units': 256, 'activation': 'relu', 'dropout': 0.2}, {'units': 128, 'activation': 'relu'}];0.001;categorical_crossentropy;;;;;['accuracy'];;;neural_network;;;;;adam;softmax;28.0;;;;;;;
;;2048.0;144.0;;2024-02-25 11:06:49;;300.0;0.7253697601826447;;768.0;;[{'units': 512, 'activation': 'relu', 'dropout': 0.4}, {'units': 256, 'activation': 'relu', 'dropout': 0.4}, {'units': 128, 'activation': 'relu'}];0.0001;categorical_crossentropy;;;;;['accuracy'];;;neural_network;;;;;adam;softmax;28.0;;;;;;;
;;64.0;17.0;;2024-02-24 14:10:50;;50.0;0.7253518957885903;;768.0;;[{'units': 512, 'activation': 'relu', 'dropout': 0.2}, {'units': 256, 'activation': 'relu', 'dropout': 0.2}, {'units': 128, 'activation': 'relu'}];0.0001;categorical_crossentropy;;;;;['accuracy'];;;neural_network;;;;;adam;softmax;28.0;;;;;;;
;;32.0;10.0;;2024-02-25 09:16:52;;15.0;0.7249381477100549;;768.0;;[{'units': 512, 'activation': 'leaky_relu', 'dropout': 0.3}, {'units': 256, 'activation': 'leaky_relu', 'dropout': 0.3}, {'units': 128, 'activation': 'leaky_relu'}];0.0001;categorical_crossentropy;;;;;['accuracy'];;;neural_network;;;;;sgd;softmax;28.0;;;;;;;
;;512.0;50.0;;2024-02-25 10:47:57;;100.0;0.7247207682444101;;768.0;;[{'units': 512, 'activation': 'relu', 'dropout': 0.3}, {'units': 256, 'activation': 'relu', 'dropout': 0.3}, {'units': 128, 'activation': 'relu'}];0.0001;categorical_crossentropy;;;;;['accuracy'];;;neural_network;;;;;adam;softmax;28.0;;;;;;;
;;1024.0;15.0;;2024-02-25 11:01:26;;200.0;0.7243080384800313;;768.0;;[{'units': 512, 'activation': 'relu', 'dropout': 0.3}, {'units': 256, 'activation': 'relu', 'dropout': 0.3}, {'units': 128, 'activation': 'relu'}];0.001;categorical_crossentropy;;;;;['accuracy'];;;neural_network;;;;;adam;softmax;28.0;;;;;;;
;;32.0;12.0;;2024-02-24 13:25:36;;15.0;0.7243066478138402;;768.0;;[{'units': 512, 'activation': 'relu', 'dropout': 0.1}, {'units': 256, 'activation': 'relu', 'dropout': 0.1}, {'units': 128, 'activation': 'relu'}];0.0001;categorical_crossentropy;;;;;['accuracy'];;;neural_network;;;;;adam;softmax;28.0;;;;;;;
;;;;;2024-02-24 16:04:56;;;0.7242901352024325;;;rbf;;;;;;;;;;;svm;;;;;;;;;;;;;;
;;32.0;14.0;;2024-02-24 13:23:32;;15.0;0.7242336177746549;;768.0;;[{'units': 512, 'activation': 'relu', 'dropout': 0.3}, {'units': 256, 'activation': 'relu', 'dropout': 0.3}, {'units': 128, 'activation': 'relu'}];0.0001;categorical_crossentropy;;;;;['accuracy'];;;neural_network;;;;;adam;softmax;28.0;;;;;;;
;;32.0;12.0;;2024-02-24 14:48:24;;15.0;0.7240806547786599;;768.0;;[{'units': 512, 'activation': 'relu', 'dropout': 0.3}, {'units': 256, 'activation': 'relu', 'dropout': 0.3}, {'units': 128, 'activation': 'relu'}];0.0001;categorical_crossentropy;;;;;['accuracy'];;;neural_network;;;;;adam;softmax;28.0;;;;;;;
;;32.0;9.0;;2024-02-24 14:46:14;;15.0;0.7236821676870153;;768.0;;[{'units': 512, 'activation': 'relu', 'dropout': 0.3}, {'units': 256, 'activation': 'relu', 'dropout': 0.3}, {'units': 128, 'activation': 'relu'}];0.0001;categorical_crossentropy;;;;;['accuracy'];;;neural_network;;;;;adam;softmax;28.0;;;;;;;
;;32.0;14.0;;2024-02-25 09:23:39;;25.0;0.7236235991576848;;768.0;;[{'units': 512, 'activation': 'relu', 'dropout': 0.3}, {'units': 256, 'activation': 'relu', 'dropout': 0.3}, {'units': 128, 'activation': 'relu'}];0.0001;categorical_crossentropy;;;;;['accuracy'];;;neural_network;;;;;rmsprop;softplus;28.0;;;;;;;
;;64.0;20.0;;2024-02-25 09:18:03;;25.0;0.7232592744220993;;768.0;;[{'units': 512, 'activation': 'leaky_relu', 'dropout': 0.3}, {'units': 256, 'activation': 'leaky_relu', 'dropout': 0.3}, {'units': 128, 'activation': 'leaky_relu'}];0.0001;categorical_crossentropy;;;;;['accuracy'];;;neural_network;;;;;sgd;softmax;28.0;;;;;;;
;;32.0;15.0;;2024-02-24 13:33:01;;25.0;0.7231607051947406;;768.0;;[{'units': 512, 'activation': 'relu', 'dropout': 0.5}, {'units': 256, 'activation': 'relu', 'dropout': 0.5}, {'units': 128, 'activation': 'relu'}];0.0001;categorical_crossentropy;;;;;['accuracy'];;;neural_network;;;;;adam;softmax;28.0;;;;;;;
;;32.0;10.0;;2024-02-25 09:15:40;;15.0;0.7230843608424231;;768.0;;[{'units': 512, 'activation': 'leaky_relu', 'dropout': 0.3}, {'units': 256, 'activation': 'leaky_relu', 'dropout': 0.3}, {'units': 128, 'activation': 'leaky_relu'}];0.0001;categorical_crossentropy;;;;;['accuracy'];;;neural_network;;;;;adam;softmax;28.0;;;;;;;
;;32.0;182.0;;2024-03-02 19:55:12;;400.0;0.7229584435207875;;768.0;;[{'units': 512, 'activation': 'relu', 'dropout': 0.3}, {'units': 256, 'activation': 'relu', 'dropout': 0.3}, {'units': 128, 'activation': 'relu'}];0.0001;categorical_crossentropy;;;;;['accuracy'];;;neural_network;;;;;adam;softmax;28.0;;;;;;;
;;128.0;26.0;;2024-02-24 14:41:32;;50.0;0.7223675820142479;;768.0;;[{'units': 512, 'activation': 'relu', 'dropout': 0.4}, {'units': 256, 'activation': 'relu', 'dropout': 0.4}, {'units': 128, 'activation': 'relu'}];0.0001;categorical_hinge;;;;;['accuracy'];;;neural_network;;;;;adam;softplus;28.0;;;;;;;
;;16.0;;;2024-02-24 12:54:17;;25.0;0.7223660848650026;;768.0;;[{'units': 512, 'activation': 'relu', 'dropout': 0.2}, {'units': 256, 'activation': 'relu', 'dropout': 0.2}, {'units': 128, 'activation': 'relu'}];0.001;categorical_crossentropy;;;;;['accuracy'];;;neural_network;;;;;adam;softmax;28.0;;;;;;;
;;64.0;;;2024-02-24 12:46:12;;15.0;0.7219133262605776;;768.0;;[{'units': 512, 'activation': 'swish', 'dropout': 0.2}, {'units': 256, 'activation': 'swish', 'dropout': 0.2}, {'units': 128, 'activation': 'swish'}];0.0001;categorical_crossentropy;;;;;['accuracy'];;;neural_network;;;;;adam;softmax;28.0;;;;;;;
;;16.0;;;2024-02-24 12:13:46;;25.0;0.7218669527597015;;768.0;;[{'units': 512, 'activation': 'relu', 'dropout': 0.2}, {'units': 256, 'activation': 'relu', 'dropout': 0.2}, {'units': 128, 'activation': 'relu'}];0.0001;categorical_crossentropy;;;;;['accuracy'];;;neural_network;;;;;adam;softmax;28.0;;;;;;;
;;32.0;14.0;;2024-02-25 09:19:54;;25.0;0.7214580987292676;;768.0;;[{'units': 512, 'activation': 'leaky_relu', 'dropout': 0.3}, {'units': 256, 'activation': 'leaky_relu', 'dropout': 0.3}, {'units': 128, 'activation': 'leaky_relu'}];0.0001;categorical_crossentropy;;;;;['accuracy'];;;neural_network;;;;;adagrad;softmax;28.0;;;;;;;
;;128.0;27.0;;2024-02-25 09:26:02;;50.0;0.7204444336774792;;768.0;;[{'units': 512, 'activation': 'relu', 'dropout': 0.3}, {'units': 256, 'activation': 'relu', 'dropout': 0.3}, {'units': 128, 'activation': 'relu'}];0.0001;categorical_crossentropy;;;;;['accuracy'];;;neural_network;;;;;adam;softmax;28.0;;;;;;;
;;64.0;;;2024-02-24 12:44:09;;10.0;0.7202754571289205;;768.0;;[{'units': 512, 'activation': 'elu', 'dropout': 0.2}, {'units': 256, 'activation': 'elu', 'dropout': 0.2}, {'units': 128, 'activation': 'elu'}];0.0001;categorical_crossentropy;;;;;['accuracy'];;;neural_network;;;;;adam;softmax;28.0;;;;;;;
;;32.0;;;2024-02-24 12:10:39;;50.0;0.7202592564795585;;768.0;;[{'units': 512, 'activation': 'relu', 'dropout': 0.2}, {'units': 256, 'activation': 'relu', 'dropout': 0.2}, {'units': 128, 'activation': 'relu'}];0.0001;categorical_crossentropy;;;;;['accuracy'];;;neural_network;;;;;adam;softmax;28.0;;;;;;;
;;64.0;;;2024-02-24 12:52:35;;25.0;0.7200596428479109;;768.0;;[{'units': 512, 'activation': 'relu', 'dropout': 0.2}, {'units': 256, 'activation': 'relu', 'dropout': 0.2}, {'units': 128, 'activation': 'relu'}];0.001;categorical_crossentropy;;;;;['accuracy'];;;neural_network;;;;;adam;softmax;28.0;;;;;;;
;;32.0;;;2024-02-24 13:00:10;;15.0;0.7199618698488193;;768.0;;[{'units': 512, 'activation': 'relu', 'dropout': 0.3}, {'units': 256, 'activation': 'relu', 'dropout': 0.3}, {'units': 128, 'activation': 'relu'}];0.0001;categorical_crossentropy;;;;;['accuracy'];;;neural_network;;;;;adam;softmax;28.0;;;;;;;
;;4096.0;95.0;;2024-02-25 20:27:10;;3000.0;0.719750655827581;;768.0;;[{'units': 1024, 'activation': 'relu', 'dropout': 0.4}, {'units': 512, 'activation': 'relu', 'dropout': 0.4}, {'units': 256, 'activation': 'relu', 'dropout': 0.3}, {'units': 128, 'activation': 'relu', 'dropout': 0.2}, {'units': 64, 'activation': 'relu'}];0.001;categorical_crossentropy;;;;;['accuracy'];;;neural_network;;;;;adam;softmax;28.0;;;;;;;
;;128.0;17.0;;2024-02-24 14:25:28;;50.0;0.7193577433228472;;768.0;;[{'units': 1024, 'activation': 'relu', 'dropout': 0.4}, {'units': 512, 'activation': 'relu', 'dropout': 0.4}, {'units': 512, 'activation': 'relu', 'dropout': 0.4}];0.0001;categorical_crossentropy;;;;;['accuracy'];;;neural_network;;;;;adam;softplus;28.0;;;;;;;
;;32.0;11.0;;2024-02-24 14:07:30;;50.0;0.7177864160410248;;768.0;;[{'units': 512, 'activation': 'relu', 'dropout': 0.3}, {'units': 256, 'activation': 'relu', 'dropout': 0.3}, {'units': 128, 'activation': 'relu'}];0.0001;categorical_crossentropy;;;;;['accuracy'];;;neural_network;;;;;adam;softmax;28.0;;;;;;;
;;32.0;;;2024-02-24 12:00:06;;10.0;0.717619175607827;;768.0;;[{'units': 512, 'activation': 'relu', 'dropout': 0.2}, {'units': 256, 'activation': 'relu', 'dropout': 0.2}, {'units': 128, 'activation': 'relu'}];0.0001;categorical_crossentropy;;;;;['accuracy'];;;neural_network;;;;;adam;softmax;28.0;;;;;;;
;;128.0;25.0;;2024-02-24 14:40:51;;50.0;0.7173609079841208;;768.0;;[{'units': 512, 'activation': 'relu', 'dropout': 0.4}, {'units': 256, 'activation': 'relu', 'dropout': 0.4}, {'units': 128, 'activation': 'relu'}];0.0001;categorical_hinge;;;;;['accuracy'];;;neural_network;;;;;adam;softplus;28.0;;;;;;;
;;32.0;27.0;;2024-02-24 14:04:16;;50.0;0.7160321241115606;;768.0;;[{'units': 512, 'activation': 'relu', 'dropout': 0.8}, {'units': 256, 'activation': 'relu', 'dropout': 0.8}, {'units': 128, 'activation': 'relu'}];0.0001;categorical_crossentropy;;;;;['accuracy'];;;neural_network;;;;;adam;softmax;28.0;;;;;;;
;;32.0;;;2024-02-24 12:08:45;;50.0;0.7160302376390175;;768.0;;[{'units': 512, 'activation': 'relu', 'dropout': 0.2}, {'units': 256, 'activation': 'relu', 'dropout': 0.2}, {'units': 128, 'activation': 'relu'}];1e-05;categorical_crossentropy;;;;;['accuracy'];;;neural_network;;;;;adam;softmax;28.0;;;;;;;
;;64.0;;;2024-02-24 12:49:54;;25.0;0.7142549902681075;;768.0;;[{'units': 512, 'activation': 'relu', 'dropout': 0.2}, {'units': 512, 'activation': 'relu', 'dropout': 0.2}, {'units': 256, 'activation': 'relu', 'dropout': 0.2}, {'units': 256, 'activation': 'relu', 'dropout': 0.2}, {'units': 128, 'activation': 'relu', 'dropout': 0.2}, {'units': 128, 'activation': 'relu'}];0.0001;categorical_crossentropy;;;;;['accuracy'];;;neural_network;;;;;adam;softmax;28.0;;;;;;;
1.0;;;;;2024-02-24 15:12:10;;;0.7125674474041342;;;linear;;;;;;;;;;;svm;;;;;;;;;;0.0;;;;
1.0;;;;;2024-02-24 15:55:47;;;0.7125674474041342;;;linear;;;;;;;;;;;svm;;;;;;;;;;0.0;;;;
;;4096.0;149.0;;2024-02-25 12:09:17;;150.0;0.7118735830853843;;768.0;;[{'units': 512, 'activation': 'relu', 'dropout': 0.3}, {'units': 256, 'activation': 'relu', 'dropout': 0.3}, {'units': 128, 'activation': 'relu'}];0.0001;categorical_crossentropy;;;;;['accuracy'];;;neural_network;;;;;adam;softmax;28.0;;;;;;;
;;32.0;;;2024-02-24 11:42:23;;5.0;0.7116088718343465;;768.0;;[{'units': 512, 'activation': 'relu', 'dropout': 0.2}, {'units': 256, 'activation': 'relu', 'dropout': 0.2}, {'units': 128, 'activation': 'relu'}];0.001;categorical_crossentropy;;;;;['accuracy'];;;neural_network;;;;;adam;softmax;28.0;;;;;;;
;;128.0;28.0;;2024-02-24 14:27:04;;50.0;0.7109068325805787;;768.0;;[{'units': 512, 'activation': 'relu', 'dropout': 0.3}, {'units': 512, 'activation': 'relu', 'dropout': 0.3}, {'units': 256, 'activation': 'relu', 'dropout': 0.3}, {'units': 256, 'activation': 'relu', 'dropout': 0.3}, {'units': 128, 'activation': 'relu', 'dropout': 0.2}, {'units': 128, 'activation': 'relu', 'dropout': 0.2}];0.0001;categorical_crossentropy;;;;;['accuracy'];;;neural_network;;;;;adam;softplus;28.0;;;;;;;
1.0;;;;;2024-02-24 16:01:06;;;0.7071823445327203;;;sigmoid;;;;;;;;;;;svm;;;;;;;;;;0.0;;;;
;;32.0;23.0;;2024-02-24 14:02:47;;25.0;0.7071573861730367;;768.0;;[{'units': 512, 'activation': 'relu', 'dropout': 0.8}, {'units': 256, 'activation': 'relu', 'dropout': 0.8}, {'units': 128, 'activation': 'relu'}];0.0001;categorical_crossentropy;;;;;['accuracy'];;;neural_network;;;;;adam;softmax;28.0;;;;;;;
;;128.0;46.0;;2024-02-24 14:34:51;;50.0;0.6980179283122354;;768.0;;[{'units': 512, 'activation': 'relu', 'dropout': 0.4}, {'units': 256, 'activation': 'relu', 'dropout': 0.4}, {'units': 128, 'activation': 'relu'}];0.0001;mse;;;;;['accuracy'];;;neural_network;;;;;adam;softplus;28.0;;;;;;;
;;512.0;199.0;;2024-02-25 10:50:34;;200.0;0.6911792606635394;;768.0;;[{'units': 512, 'activation': 'relu', 'dropout': 0.3}, {'units': 256, 'activation': 'relu', 'dropout': 0.3}, {'units': 128, 'activation': 'relu'}];1e-05;categorical_crossentropy;;;;;['accuracy'];;;neural_network;;;;;adam;softmax;28.0;;;;;;;
;;32.0;0.0;;2024-02-25 15:40:45;;1.0;0.6901611741257959;;768.0;;[{'units': 512, 'activation': 'relu', 'dropout': 0.3}, {'units': 256, 'activation': 'relu', 'dropout': 0.3}, {'units': 128, 'activation': 'relu'}];0.0001;categorical_crossentropy;;;;;['accuracy'];;;neural_network;;;;;adam;softmax;28.0;;;;;;;
;;32.0;;;2024-02-24 11:58:23;;5.0;0.6886450402468786;;768.0;;[{'units': 512, 'activation': 'relu', 'dropout': 0.2}, {'units': 256, 'activation': 'relu', 'dropout': 0.2}, {'units': 128, 'activation': 'relu'}];0.001;categorical_crossentropy;;;;;['accuracy'];;;neural_network;;;;;adam;softmax;28.0;;;;;;;
;;32.0;17.0;;2024-02-25 11:03:40;;200.0;0.6825642589389331;;768.0;;[{'units': 512, 'activation': 'relu', 'dropout': 0.3}, {'units': 256, 'activation': 'relu', 'dropout': 0.3}, {'units': 128, 'activation': 'relu'}];0.01;categorical_crossentropy;;;;;['accuracy'];;;neural_network;;;;;adam;softmax;28.0;;;;;;;
;;32.0;3.0;;2024-02-24 13:39:47;;25.0;0.6772481696582019;;768.0;;[{'units': 512, 'activation': 'relu', 'dropout': 0.5}, {'units': 256, 'activation': 'relu', 'dropout': 0.5}, {'units': 128, 'activation': 'relu'}];0.001;categorical_crossentropy;;;;;['accuracy'];;;neural_network;;;;;adam;softmax;28.0;;;;;;;
;;32.0;;;2024-02-24 12:06:41;;25.0;0.6703472037116512;;768.0;;[{'units': 512, 'activation': 'relu', 'dropout': 0.2}, {'units': 256, 'activation': 'relu', 'dropout': 0.2}, {'units': 128, 'activation': 'relu'}];1e-05;categorical_crossentropy;;;;;['accuracy'];;;neural_network;;;;;adam;softmax;28.0;;;;;;;
;;;;;2024-02-24 16:09:42;3.0;;0.654142888705759;;;poly;;;;;;;;;;;svm;;;;;;;;;;;;;;
;;;;balanced;2024-02-25 10:39:57;;;0.6434792789685688;;;;;;;250.0;50.0;;;;5.0;10.0;random_forest;;150.0;-1.0;;;;;;;42.0;;;;
;;;;balanced;2024-02-25 10:36:04;;;0.6434792789685688;;;;;;;200.0;50.0;;;;5.0;10.0;random_forest;;150.0;-1.0;;;;;;;42.0;;;;
;;128.0;42.0;;2024-02-24 14:28:42;;50.0;0.639331345788928;;768.0;;[{'units': 512, 'activation': 'relu', 'dropout': 0.5}, {'units': 512, 'activation': 'relu', 'dropout': 0.5}, {'units': 256, 'activation': 'relu', 'dropout': 0.5}, {'units': 256, 'activation': 'relu', 'dropout': 0.5}, {'units': 128, 'activation': 'relu', 'dropout': 0.5}, {'units': 128, 'activation': 'relu', 'dropout': 0.3}];0.0001;categorical_crossentropy;;;;;['accuracy'];;;neural_network;;;;;adam;softplus;28.0;;;;;;;
;auto;;;;2024-02-25 10:43:32;;;0.638725033311686;;;;;;;;;;minkowski;;;;knn;;;;5.0;;;;2.0;;;;;;distance
;;;;balanced;2024-02-25 10:32:56;;;0.6379079852091085;;;;;;;200.0;50.0;;;;5.0;10.0;random_forest;;75.0;-1.0;;;;;;;42.0;;;;
;auto;;;;2024-02-25 10:42:05;;;0.6376062974671004;;;;;;;;;;minkowski;;;;knn;;;;10.0;;;;2.0;;;;;;uniform
;auto;;;;2024-02-25 10:41:46;;;0.6366919136877224;;;;;;;;;;minkowski;;;;knn;;;;5.0;;;;2.0;;;;;;uniform
;auto;;;;2024-02-25 10:43:11;;;0.6360439557638093;;;;;;;;;;minkowski;;;;knn;;;;10.0;;;;2.0;;;;;;distance
;;512.0;99.0;;2024-02-25 10:49:15;;100.0;0.6353124559567234;;768.0;;[{'units': 512, 'activation': 'relu', 'dropout': 0.3}, {'units': 256, 'activation': 'relu', 'dropout': 0.3}, {'units': 128, 'activation': 'relu'}];1e-05;categorical_crossentropy;;;;;['accuracy'];;;neural_network;;;;;adam;softmax;28.0;;;;;;;
;;;;balanced;2024-02-25 10:24:53;;;0.6334955366623434;;;;;;;100.0;15.0;;;;5.0;10.0;random_forest;;75.0;-1.0;;;;;;;42.0;;;;
;;;;balanced;2024-02-25 10:25:09;;;0.6334955366623434;;;;;;;125.0;15.0;;;;5.0;10.0;random_forest;;75.0;-1.0;;;;;;;42.0;;;;
;;;;balanced;2024-02-25 10:27:25;;;0.6334955366623434;;;;;;;150.0;15.0;;;;5.0;10.0;random_forest;;75.0;-1.0;;;;;;;42.0;;;;
;;;;balanced;2024-02-25 10:27:48;;;0.6334955366623434;;;;;;;200.0;15.0;;;;5.0;10.0;random_forest;;75.0;-1.0;;;;;;;42.0;;;;
;;;;balanced;2024-02-25 10:35:12;;;0.6329830661526404;;;;;;;200.0;50.0;;;;5.0;10.0;random_forest;;100.0;-1.0;;;;;;;42.0;;;;
;auto;;;;2024-02-25 10:42:32;;;0.6322995551355264;;;;;;;;;;minkowski;;;;knn;;;;15.0;;;;2.0;;;;;;uniform
;;;;balanced;2024-02-25 10:25:34;;;0.6312903594869288;;;;;;;125.0;15.0;;;;5.0;10.0;random_forest;;80.0;-1.0;;;;;;;42.0;;;;
;auto;;;;2024-02-25 10:42:51;;;0.6272662888371031;;;;;;;;;;minkowski;;;;knn;;;;12.0;;;;2.0;;;;;;uniform
;;;;balanced;2024-02-25 10:37:53;;;0.626192502100358;;;;;;;200.0;75.0;;;;5.0;10.0;random_forest;;150.0;-1.0;;;;;;;42.0;;;;
;;32.0;;;2024-02-24 11:59:35;;10.0;0.6260934181536473;;768.0;;[{'units': 512, 'activation': 'relu', 'dropout': 0.2}, {'units': 256, 'activation': 'relu', 'dropout': 0.2}, {'units': 128, 'activation': 'relu'}];0.01;categorical_crossentropy;;;;;['accuracy'];;;neural_network;;;;;adam;softmax;28.0;;;;;;;
;;;;balanced;2024-02-25 10:34:32;;;0.6257294245419034;;;;;;;200.0;100.0;;;;5.0;10.0;random_forest;;75.0;-1.0;;;;;;;42.0;;;;
;;;;;2024-02-25 05:40:15;;;0.625643041243188;;;;;0.1;;3.0;;;;;;;gradient_boosting;;100.0;;;;;;;;42.0;;;;
;;;;balanced;2024-02-25 10:25:54;;;0.6224072371070756;;;;;;;125.0;20.0;;;;5.0;10.0;random_forest;;75.0;-1.0;;;;;;;42.0;;;;
;;;;balanced;2024-02-25 10:24:31;;;0.6221797222689083;;;;;;;100.0;15.0;;;;5.0;10.0;random_forest;;55.0;-1.0;;;;;;;42.0;;;;
;;256.0;49.0;;2024-02-24 14:18:16;;50.0;0.6210101814232737;;768.0;;[{'units': 512, 'activation': 'relu', 'dropout': 0.4}, {'units': 256, 'activation': 'relu', 'dropout': 0.4}, {'units': 128, 'activation': 'relu'}];1e-05;categorical_crossentropy;;;;;['accuracy'];;;neural_network;;;;;adam;softmax;28.0;;;;;;;
;;;;balanced;2024-02-25 10:23:25;;;0.6203001749283191;;;;;;;100.0;15.0;;;;5.0;5.0;random_forest;;50.0;-1.0;;;;;;;42.0;;;;
;;;;balanced;2024-02-25 10:24:04;;;0.6203001749283191;;;;;;;100.0;15.0;;;;5.0;10.0;random_forest;;50.0;-1.0;;;;;;;42.0;;;;
;;;;balanced;2024-02-25 10:26:28;;;0.6164851712541708;;;;;;;125.0;15.0;;;;1.0;10.0;random_forest;;75.0;-1.0;;;;;;;42.0;;;;
;;;;balanced;2024-02-25 10:23:41;;;0.6156940710478092;;;;;;;100.0;20.0;;;;5.0;5.0;random_forest;;50.0;-1.0;;;;;;;42.0;;;;
;;;;;2024-02-25 09:41:36;;;0.6119848987935217;;;;;;;200.0;;;;;;;random_forest;;50.0;-1.0;;;;;;;42.0;;;;
;;;;;2024-02-25 09:45:54;;;0.6119848987935217;;;;;;;100.0;;;;;;;random_forest;;50.0;-1.0;;;;;;;42.0;;;;
;;;;;2024-02-25 09:40:42;;;0.6119848987935217;;;;;;;100.0;;;;;;;random_forest;;50.0;-1.0;;;;;;;42.0;;;;
;;;;balanced;2024-02-25 10:27:02;;;0.6116823208354716;;;;;;;125.0;15.0;;;;7.0;10.0;random_forest;;75.0;-1.0;;;;;;;42.0;;;;
;;;;balanced;2024-02-25 10:26:46;;;0.610073121590351;;;;;;;125.0;15.0;;;;3.0;10.0;random_forest;;75.0;-1.0;;;;;;;42.0;;;;
;;;;;2024-02-25 09:41:13;;;0.6082560218460951;;;;;;;100.0;;;;;;;random_forest;;100.0;-1.0;;;;;;;42.0;;;;
;;;;;2024-02-25 09:42:08;;;0.6082560218460951;;;;;;;200.0;;;;;;;random_forest;;100.0;-1.0;;;;;;;42.0;;;;
;;;;balanced;2024-02-25 10:08:46;;;0.6057938727666838;;;;;;;100.0;10.0;;;;1.0;5.0;random_forest;;50.0;-1.0;;;;;;;42.0;;;;
;;;;balanced;2024-02-25 10:08:18;;;0.6053372850369527;;;;;;;100.0;10.0;;;;1.0;2.0;random_forest;;50.0;-1.0;;;;;;;42.0;;;;
;;;;balanced;2024-02-25 10:26:12;;;0.6052814298466023;;;;;;;125.0;15.0;;;;10.0;10.0;random_forest;;75.0;-1.0;;;;;;;42.0;;;;
;;;;balanced;2024-02-25 10:09:00;;;0.6046763491329835;;;;;;;100.0;10.0;;;;5.0;5.0;random_forest;;50.0;-1.0;;;;;;;42.0;;;;
;;;;;2024-02-25 09:44:22;;;0.6004414444914841;;;;;;;500.0;;;;;;;random_forest;;500.0;-1.0;;;;;;;42.0;;;;
;;;;;2024-02-25 09:40:15;;;0.5977418054952829;;;;;;;40.0;;;;;;;random_forest;;20.0;-1.0;;;;;;;42.0;;;;
;;;;;2024-02-25 09:39:52;;;0.5959729261930421;;;;;;;20.0;;;;;;;random_forest;;20.0;-1.0;;;;;;;42.0;;;;
;auto;;;;2024-02-25 10:42:19;;;0.5942022276003824;;;;;;;;;;minkowski;;;;knn;;;;50.0;;;;2.0;;;;;;uniform
;;;;;2024-02-25 09:39:17;;;0.5609069139314643;;;;;;;10.0;;;;;;;random_forest;;20.0;-1.0;;;;;;;42.0;;;;
;;;;;2024-02-25 09:39:31;;;0.5596810088128228;;;;;;;10.0;;;;;;;random_forest;;15.0;-1.0;;;;;;;42.0;;;;
;;;;;2024-02-25 09:02:52;;;0.5557111632858407;;;;;0.1;;10.0;;;;;;;gradient_boosting;;1.0;;;;;;;;42.0;;;;
;;;;;2024-02-25 09:39:03;;;0.555399998732059;;;;;;;10.0;;;;;;;random_forest;;28.0;-1.0;;;;;;;42.0;;;;
;;;;;2024-02-25 09:38:48;;;0.5487922585100597;;;;;;;10.0;;;;;;;random_forest;;5.0;-1.0;;;;;;;42.0;;;;
10.0;;;;;2024-02-24 16:29:35;;;0.5374987973927015;1.0;;rbf;;;;;;;;;;;svm;;;;;;;;;;;;;;
;;;;;2024-02-25 09:38:35;;;0.5304017233246188;;;;;;;10.0;;;;;;;random_forest;;1.0;-1.0;;;;;;;42.0;;;;
;;;;;2024-02-25 08:53:39;;;0.5301361969094626;;;;;0.1;;5.0;;;;;;;gradient_boosting;;1.0;;;;;;;;42.0;;;;
;;;;;2024-02-25 08:48:04;;;0.5193506671861208;;;;;0.1;;3.0;;;;;;;gradient_boosting;;1.0;;;;;;;;42.0;;;;
;;;;;2024-02-25 09:38:09;;;0.5080996944962642;;;;;;;1.0;;;;;;;random_forest;;1.0;-1.0;;;;;;;42.0;;;;
;;;;;2024-02-25 09:04:05;;;0.5080996944962642;;;;;0.01;;1.0;;;;;;;gradient_boosting;;1.0;;;;;;;;42.0;;;;
;;;;;2024-02-25 09:12:49;;;0.5080996944962642;;;;;0.001;;1.0;;;;;;;gradient_boosting;;5.0;;;;;;;;42.0;;;;
;;32.0;;;2024-02-24 11:59:00;;10.0;0.5080996944962642;;768.0;;[{'units': 512, 'activation': 'relu', 'dropout': 0.2}, {'units': 256, 'activation': 'relu', 'dropout': 0.2}, {'units': 128, 'activation': 'relu'}];0.1;categorical_crossentropy;;;;;['accuracy'];;;neural_network;;;;;adam;softmax;28.0;;;;;;;
;;;;;2024-02-25 09:07:30;;;0.5080996944962642;;;;;0.001;;1.0;;;;;;;gradient_boosting;;2.0;;;;;;;;42.0;;;;
;;;;;2024-02-25 09:05:14;;;0.5080996944962642;;;;;0.001;;1.0;;;;;;;gradient_boosting;;1.0;;;;;;;;42.0;;;;
10.0;;;;;2024-02-24 17:03:47;;;0.5076333947611308;1.0;;rbf;;;;;;;;;;;svm;;;;;;;;;;;;;;
;;128.0;3.0;;2024-02-24 14:19:30;;50.0;0.4985060579384715;;768.0;;[{'units': 512, 'activation': 'relu', 'dropout': 0.4}, {'units': 256, 'activation': 'relu', 'dropout': 0.4}, {'units': 128, 'activation': 'relu'}];0.0001;categorical_crossentropy;;;;;['accuracy'];;;neural_network;;;;;adam;tanh;28.0;;;;;;;
;;4096.0;0.0;;2024-02-25 19:45:12;;3000.0;0.4926223857959471;;768.0;;[{'units': 512, 'activation': 'relu', 'dropout': 0.3}, {'units': 256, 'activation': 'relu', 'dropout': 0.3}, {'units': 128, 'activation': 'relu'}];0.0001;categorical_crossentropy;;;;;['accuracy'];;;neural_network;;;;;adam;softmax;28.0;;;;;;;
;;;;;2024-02-24 17:20:26;;;0.4905458779056861;;;;;;;;;;;;;;naive_bayes;;;;;;;;;;;;GaussianNB;;
;;;;;2024-02-24 17:18:05;;;0.4905458779056861;;;;;;;;;;;;;;naive_bayes;;;;;;;;;;;;GaussianNB;1e-09;
;;;;;2024-02-25 08:44:39;;;0.4810965148273142;;;;;0.1;;1.0;;;;;;;gradient_boosting;;1.0;;;;;;;;42.0;;;;
;;4096.0;0.0;;2024-02-25 20:05:46;;3000.0;0.4657741463443632;;768.0;;[{'units': 512, 'activation': 'relu', 'dropout': 0.3}, {'units': 256, 'activation': 'relu', 'dropout': 0.3}, {'units': 128, 'activation': 'relu'}];0.0001;categorical_crossentropy;;;;;['accuracy'];;;neural_network;;;;;adam;softmax;28.0;;;;;;;
;;4096.0;0.0;;2024-02-25 12:11:11;;1000.0;0.451832697788354;;768.0;;[{'units': 512, 'activation': 'relu', 'dropout': 0.3}, {'units': 256, 'activation': 'relu', 'dropout': 0.3}, {'units': 128, 'activation': 'relu'}];0.0001;categorical_crossentropy;;;;;['accuracy'];;;neural_network;;;;;adam;softmax;28.0;;;;;;;
